<Config>
  <append xpath="/items">
	
	<!-- BUSHCRAFT BITES FOOD ITEMS - POT TOOL -->
	
<item name="foodBushcraftTinCanTucker">
	<property name="Tags" value="food"/>
	<property name="HoldType" value="31"/>
	<property name="DisplayType" value="foodWater"/>
	<property name="CustomIcon" value="foodHoboStew"/>
	<property name="DescriptionKey" value="foodBushcraftTinCanTuckerDesc"/>
    <property name="CustomIconTint" value="250,150,230"/>	
	<property name="Meshfile" value="#Other/Items?Misc/parcelPrefab.prefab"/>
	<property name="DropMeshfile" value="#Other/Items?Misc/sack_droppedPrefab.prefab"/>
	<property name="Material" value="Morganic"/>
	<property name="Stacknumber" value="25"/> <!-- STK food -->
	<property name="EconomicValue" value="134"/>
	<property name="UnlockedBy" value="perkMasterChef"/>
	<property class="Action0">
		<property name="Class" value="Eat"/>
		<property name="Delay" value="1.0"/>
		<property name="Use_time" value="..."/>
		<property name="Sound_start" value="player_drinking"/>
		<!-- jar from cooking food <property name="Create_item" value="drinkJarEmpty"/> -->
	</property>
	<property name="Group" value="Food/Cooking,CFFood/Cooking"/>

	<effect_group tiered="false" name="Food Tier 1">
		<triggered_effect trigger="onSelfPrimaryActionEnd" action="ModifyCVar" cvar="$foodAmountAdd" operation="add" value="60"/> <!-- Approx 10% Combination Gain --> 
		<triggered_effect trigger="onSelfPrimaryActionEnd" action="ModifyCVar" cvar="foodHealthAmount" operation="add" value="30"/> <!-- Approx 10% Combination Gain -->
		<triggered_effect trigger="onSelfPrimaryActionEnd" action="ModifyCVar" cvar="$waterAmountAdd" operation="add" value="28"/> <!-- Approx 10% Combination Gain -->
		<triggered_effect trigger="onSelfPrimaryActionEnd" action="ModifyCVar" cvar=".foodStaminaBonusAdd" operation="add" value="20"/>
		<triggered_effect trigger="onSelfPrimaryActionEnd" action="AddBuff" buff="buffProcessConsumables"/>
	</effect_group>
</item>

<item name="foodBushcraftStew">
	<property name="Tags" value="food"/>
	<property name="HoldType" value="31"/>
	<property name="DisplayType" value="foodWater"/>
	<property name="CustomIcon" value="foodMeatStew"/>
	<property name="DescriptionKey" value="foodBushcraftStewDesc"/>
    <property name="CustomIconTint" value="255,185,50"/>	
	<property name="Meshfile" value="#Other/Items?Misc/parcelPrefab.prefab"/>
	<property name="DropMeshfile" value="#Other/Items?Misc/sack_droppedPrefab.prefab"/>
	<property name="Material" value="Morganic"/>
	<property name="Stacknumber" value="25"/> <!-- STK food -->
	<property name="EconomicValue" value="134"/>
	<property name="UnlockedBy" value="perkMasterChef"/>
	<property class="Action0">
		<property name="Class" value="Eat"/>
		<property name="Delay" value="1.0"/>
		<property name="Use_time" value="..."/>
		<property name="Sound_start" value="player_drinking"/>
		<!-- jar from cooking food <property name="Create_item" value="drinkJarEmpty"/> -->
	</property>
	<property name="Group" value="Food/Cooking,CFFood/Cooking"/>

	<effect_group tiered="false" name="Food Tier 2">
		<triggered_effect trigger="onSelfPrimaryActionEnd" action="ModifyCVar" cvar="$foodAmountAdd" operation="add" value="45"/> <!-- Approx 10% less than regular Stew --> 
		<triggered_effect trigger="onSelfPrimaryActionEnd" action="ModifyCVar" cvar="foodHealthAmount" operation="add" value="23"/> <!-- Approx 10% less than regular Stew -->
		<triggered_effect trigger="onSelfPrimaryActionEnd" action="ModifyCVar" cvar="$waterAmountAdd" operation="add" value="22"/> <!-- Approx 10% more than regular Stew -->
		<triggered_effect trigger="onSelfPrimaryActionEnd" action="ModifyCVar" cvar=".foodStaminaBonusAdd" operation="add" value="20"/> <!-- Identical to regular Stew -->
		<triggered_effect trigger="onSelfPrimaryActionEnd" action="AddBuff" buff="buffProcessConsumables"/>
	</effect_group>
</item>

<item name="foodBushcraftFeralStew">
	<property name="Tags" value="food"/>
	<property name="HoldType" value="31"/>
	<property name="DisplayType" value="foodWater"/>
	<property name="CustomIcon" value="foodHoboStew"/>
	<property name="DescriptionKey" value="foodBushcraftFeralStewDesc"/>
    <property name="CustomIconTint" value="200,140,100"/>	
	<property name="Meshfile" value="#Other/Items?Misc/parcelPrefab.prefab"/>
	<property name="DropMeshfile" value="#Other/Items?Misc/sack_droppedPrefab.prefab"/>
	<property name="Material" value="Morganic"/>
	<property name="Stacknumber" value="25"/> <!-- STK food -->
	<property name="EconomicValue" value="134"/>
	<property name="UnlockedBy" value="perkMasterChef"/>
	<property class="Action0">
		<property name="Class" value="Eat"/>
		<property name="Delay" value="1.0"/>
		<property name="Use_time" value="..."/>
		<property name="Sound_start" value="player_drinking"/>
		<!-- jar from cooking food <property name="Create_item" value="drinkJarEmpty"/> -->
	</property>
	<property name="Group" value="Food/Cooking,CFFood/Cooking"/>

	<effect_group tiered="false" name="Food Tier 2">
		<triggered_effect trigger="onSelfPrimaryActionEnd" action="ModifyCVar" cvar="$foodAmountAdd" operation="add" value="40"/> <!-- Approx 10% less than Bushcraft Stew --> 
		<triggered_effect trigger="onSelfPrimaryActionEnd" action="ModifyCVar" cvar="foodHealthAmount" operation="add" value="20"/> <!-- Approx 10% less than Bushcraft Stew -->
		<triggered_effect trigger="onSelfPrimaryActionEnd" action="ModifyCVar" cvar="$waterAmountAdd" operation="add" value="22"/> <!-- Identical to Bushcraft Stew -->
		<triggered_effect trigger="onSelfPrimaryActionEnd" action="ModifyCVar" cvar=".foodStaminaBonusAdd" operation="add" value="20"/> <!-- Identical to regular Stew -->
		<triggered_effect trigger="onSelfPrimaryActionEnd" action="AddBuff" buff="buffProcessConsumables"/>
	</effect_group>
</item>

<item name="foodBushcraftSuperVegetableStew">
	<property name="Tags" value="food"/>
	<property name="HoldType" value="31"/>
	<property name="DisplayType" value="foodWater"/>
	<property name="CustomIcon" value="foodVegetableStew"/>
	<property name="CustomIconTint" value="ff9f9f"/>
	<property name="DescriptionKey" value="foodBushcraftSuperVegetableStewDesc"/>	
	<property name="Meshfile" value="#Other/Items?Misc/parcelPrefab.prefab"/>
	<property name="DropMeshfile" value="#Other/Items?Misc/sack_droppedPrefab.prefab"/>
	<property name="Material" value="Morganic"/>
	<property name="Stacknumber" value="25"/> <!-- STK food -->
	<property name="EconomicValue" value="102"/>
	<property name="UnlockedBy" value="perkMasterChef"/>
	<property class="Action0">
		<property name="Class" value="Eat"/>
		<property name="Delay" value="1.0"/>
		<property name="Use_time" value="..."/>
		<property name="Sound_start" value="player_drinking"/>
		<!-- jar from cooking food <property name="Create_item" value="drinkJarEmpty"/> -->
	</property>
	<property name="Group" value="Food/Cooking,CFFood/Cooking"/>

	<effect_group tiered="false" name="Food Tier 2">
		<triggered_effect trigger="onSelfPrimaryActionEnd" action="ModifyCVar" cvar="$foodAmountAdd" operation="add" value="35"/> <!-- Approx 10% more than Vegetable Stew -->
		<triggered_effect trigger="onSelfPrimaryActionEnd" action="ModifyCVar" cvar="foodHealthAmount" operation="add" value="15"/>
		<triggered_effect trigger="onSelfPrimaryActionEnd" action="ModifyCVar" cvar="$waterAmountAdd" operation="add" value="20"/>
		<triggered_effect trigger="onSelfPrimaryActionEnd" action="ModifyCVar" cvar=".foodStaminaBonusAdd" operation="add" value="20"/>
		<triggered_effect trigger="onSelfPrimaryActionEnd" action="AddBuff" buff="buffProcessConsumables"/>
		
		<display_value name="dPlayerExpGain" value=".05"/> <!-- Gives 5% XP Boost -->
		<display_value name="dDuration" value="240"/>
		<triggered_effect trigger="onSelfPrimaryActionEnd" action="ModifyCVar" cvar="$buffGrandpasLearningElixirDuration" operation="add" value="243"/>
		<triggered_effect trigger="onSelfPrimaryActionEnd" action="ModifyCVar" cvar="$buffGrandpasLearningElixirDuration" operation="set" value="723">
			<requirement name="CVarCompare" cvar="$buffGrandpasLearningElixirDuration" operation="GT" value="723"/></triggered_effect>
		<triggered_effect trigger="onSelfPrimaryActionEnd" action="AddBuff" buff="buffDrunkGrandpasLearningElixir"/>
	</effect_group>
</item>

<item name="foodBushcraftBaconEggGrits">
	<property name="Tags" value="food"/>
	<property name="HoldType" value="31"/>
	<property name="DisplayType" value="foodWater"/>
	<property name="CustomIcon" value="foodBaconAndEggs"/>
	<property name="DescriptionKey" value="foodBushcraftBaconEggGritsDesc"/>
    <property name="CustomIconTint" value="255,255,75"/>	
	<property name="Meshfile" value="#Other/Items?Misc/parcelPrefab.prefab"/>
	<property name="DropMeshfile" value="#Other/Items?Misc/sack_droppedPrefab.prefab"/>
	<property name="Material" value="Morganic"/>
	<property name="Stacknumber" value="25"/> <!-- STK food -->
	<property name="EconomicValue" value="72"/>
	<property name="UnlockedBy" value="perkMasterChef"/>
	<property class="Action0">
		<property name="Class" value="Eat"/>
		<property name="Delay" value="2.1"/>
		<property name="Use_time" value="..."/>
		<property name="Sound_start" value="player_eating"/>
	</property>
	<property name="Smell" value="largeSmell"/>
	<property name="Group" value="Food/Cooking,CFFood/Cooking"/>

	<effect_group tiered="false" name="Food Tier 1">
		<triggered_effect trigger="onSelfPrimaryActionEnd" action="ModifyCVar" cvar="$foodAmountAdd" operation="add" value="40"/> <!-- Approx 10% more than Bacon and Eggs -->
		<triggered_effect trigger="onSelfPrimaryActionEnd" action="ModifyCVar" cvar="foodHealthAmount" operation="add" value="20"/> <!-- Approx 10% more than Bacon and Eggs -->
		<triggered_effect trigger="onSelfPrimaryActionEnd" action="ModifyCVar" cvar="$waterAmountAdd" operation="add" value="22"/> <!-- Approx 10% more than water -->		
		<triggered_effect trigger="onSelfPrimaryActionEnd" action="ModifyCVar" cvar=".foodStaminaBonusAdd" operation="add" value="15"/> <!-- Approx 50% more than water -->
		<triggered_effect trigger="onSelfPrimaryActionEnd" action="AddBuff" buff="buffProcessConsumables"/>
	</effect_group>
</item>

<item name="foodBushcraftSuperCornOnTheCob">
	<property name="Tags" value="food"/>
	<property name="HoldType" value="31"/>
	<!-- <property name="DisplayType" value="food"/> -->
	<property name="DisplayType" value="foodWaterNegative"/>
	<property name="CustomIcon" value="foodCornOnTheCob"/>
	<property name="CustomIconTint" value="ff9f9f"/>
	<property name="DescriptionKey" value="foodBushcraftSuperCornOnTheCobDesc"/>	
	<property name="Meshfile" value="#Other/Items?Misc/parcelPrefab.prefab"/>
	<property name="DropMeshfile" value="#Other/Items?Misc/sack_droppedPrefab.prefab"/>
	<property name="Material" value="Morganic"/>
	<property name="Stacknumber" value="25"/> <!-- STK food -->
	<property name="EconomicValue" value="40"/> <!-- 30 for Corn on the Cob -->
	<property name="UnlockedBy" value="perkMasterChef"/>
	<property class="Action0">
		<property name="Class" value="Eat"/>
		<property name="Delay" value="1.0"/>
		<property name="Use_time" value="..."/>
		<property name="Sound_start" value="player_eating"/>
		<!-- jar from cooking food <property name="Create_item" value="drinkJarEmpty"/> -->
	</property>
	<property name="Group" value="Food/Cooking,CFFood/Cooking"/>

	<effect_group tiered="false" name="Food Tier 1">
		<triggered_effect trigger="onSelfPrimaryActionEnd" action="ModifyCVar" cvar="$foodAmountAdd" operation="add" value="15"/> <!-- Approx 50% more than Corn on the Cob -->
		<triggered_effect trigger="onSelfPrimaryActionEnd" action="ModifyCVar" cvar="foodHealthAmount" operation="add" value="10"/> <!-- Approx 50% more than Corn on the Cob -->
		<triggered_effect trigger="onSelfPrimaryActionEnd" action="ModifyStats" stat="water" operation="add" value="-5"/> <!-- Identical to Corn on the Cob -->
		<triggered_effect trigger="onSelfPrimaryActionEnd" action="ModifyCVar" cvar=".foodStaminaBonusAdd" operation="add" value="10"/> <!-- Identical to Corn on the Cob -->
		<triggered_effect trigger="onSelfPrimaryActionEnd" action="AddBuff" buff="buffProcessConsumables"/>
		<display_value name="$waterAmountAdd" value="-5"/>
		
		<display_value name="dPlayerExpGain" value=".02"/> <!-- Gives 2% XP Boost -->
		<display_value name="dDuration" value="240"/>
		<triggered_effect trigger="onSelfPrimaryActionEnd" action="ModifyCVar" cvar="$buffGrandpasLearningElixirDuration" operation="add" value="243"/>
		<triggered_effect trigger="onSelfPrimaryActionEnd" action="ModifyCVar" cvar="$buffGrandpasLearningElixirDuration" operation="set" value="723">
			<requirement name="CVarCompare" cvar="$buffGrandpasLearningElixirDuration" operation="GT" value="723"/></triggered_effect>
		<triggered_effect trigger="onSelfPrimaryActionEnd" action="AddBuff" buff="buffDrunkGrandpasLearningElixir"/>		
	</effect_group>
</item>

<item name="foodBushcraftHideAndSeek">
	<property name="Tags" value="food"/>
	<property name="HoldType" value="31"/>
	<property name="DisplayType" value="foodWater"/>
	<property name="CustomIcon" value="foodShamChowder"/>
	<property name="DescriptionKey" value="foodBushcraftHideAndSeekDesc"/>
    <property name="CustomIconTint" value="200,135,0"/>	
	<property name="Meshfile" value="#Other/Items?Misc/parcelPrefab.prefab"/>
	<property name="DropMeshfile" value="#Other/Items?Misc/sack_droppedPrefab.prefab"/>
	<property name="Material" value="Morganic"/>
	<property name="Stacknumber" value="25"/> <!-- STK food -->
	<property name="EconomicValue" value="134"/>
	<property name="UnlockedBy" value="perkMasterChef"/>
	<property class="Action0">
		<property name="Class" value="Eat"/>
		<property name="Delay" value="1.0"/>
		<property name="Use_time" value="..."/>
		<property name="Sound_start" value="player_drinking"/>
		<!-- jar from cooking food <property name="Create_item" value="drinkJarEmpty"/> -->
	</property>
	<property name="Group" value="Food/Cooking,CFFood/Cooking"/>

	<effect_group tiered="false" name="Food Tier 1">
		<triggered_effect trigger="onSelfPrimaryActionEnd" action="ModifyCVar" cvar="$foodAmountAdd" operation="add" value="45"/> 
		<triggered_effect trigger="onSelfPrimaryActionEnd" action="ModifyCVar" cvar="foodHealthAmount" operation="add" value="27"/>
		<triggered_effect trigger="onSelfPrimaryActionEnd" action="ModifyCVar" cvar="$waterAmountAdd" operation="add" value="20"/>
		<triggered_effect trigger="onSelfPrimaryActionEnd" action="ModifyCVar" cvar=".foodStaminaBonusAdd" operation="add" value="20"/>
		<triggered_effect trigger="onSelfPrimaryActionEnd" action="AddBuff" buff="buffProcessConsumables"/>
	</effect_group>
</item>

<item name="foodBushcraftAcornBread">
	<property name="Tags" value="food"/>
	<property name="HoldType" value="31"/>
	<!-- <property name="DisplayType" value="food"/> -->
	<property name="DisplayType" value="foodWaterNegative"/>
	<property name="CustomIcon" value="foodPumpkinBread"/>
	<property name="DescriptionKey" value="foodBushcraftAcornBreadDesc"/>
    <property name="CustomIconTint" value="200,100,15"/>	
	<property name="Meshfile" value="#Other/Items?Misc/parcelPrefab.prefab"/>
	<property name="DropMeshfile" value="#Other/Items?Misc/sack_droppedPrefab.prefab"/>
	<property name="Material" value="Morganic"/>
	<property name="Stacknumber" value="25"/> <!-- STK food -->
	<property name="EconomicValue" value="16"/>
	<property name="UnlockedBy" value="perkMasterChef"/>
	<property class="Action0">
		<property name="Class" value="Eat"/>
		<property name="Delay" value="1.0"/>
		<property name="Use_time" value="..."/>
		<property name="Sound_start" value="player_eating"/>
		<!-- jar from cooking food <property name="Create_item" value="drinkJarEmpty"/> -->
	</property>
	<property name="Group" value="Food/Cooking,CFFood/Cooking"/>

	<effect_group tiered="false" name="Food Tier 1">
		<triggered_effect trigger="onSelfPrimaryActionEnd" action="ModifyCVar" cvar="$foodAmountAdd" operation="add" value="25"/>
		<triggered_effect trigger="onSelfPrimaryActionEnd" action="ModifyCVar" cvar="foodHealthAmount" operation="add" value="20"/>
		<triggered_effect trigger="onSelfPrimaryActionEnd" action="ModifyStats" stat="water" operation="add" value="-5"/>
		<triggered_effect trigger="onSelfPrimaryActionEnd" action="ModifyCVar" cvar=".foodStaminaBonusAdd" operation="add" value="15"/>
		<triggered_effect trigger="onSelfPrimaryActionEnd" action="AddBuff" buff="buffProcessConsumables"/>
		<display_value name="$waterAmountAdd" value="-5"/>
	</effect_group>
</item>

<item name="foodBushcraftPineConeJam">
	<property name="Tags" value="food"/>
	<property name="HoldType" value="31"/>
	<property name="DisplayType" value="foodWater"/>
	<property name="CustomIcon" value="foodHoney"/>
	<property name="DescriptionKey" value="foodBushcraftPineConeJamDesc"/>
    <property name="CustomIconTint" value="225,110,20"/>	
	<property name="Meshfile" value="#Other/Items?Misc/parcelPrefab.prefab"/>
	<property name="DropMeshfile" value="#Other/Items?Misc/sack_droppedPrefab.prefab"/>
	<property name="Material" value="Morganic"/>
	<property name="EconomicValue" value="80"/>
	<property name="Stacknumber" value="25"/> <!-- STK food -->
	<property name="Group" value="Food/Cooking,CFFood/Cooking"/>
	<property class="Action0">
		<property name="Class" value="Eat"/>
		<property name="Delay" value="1.0"/>
		<property name="Use_time" value="..."/>
		<property name="Sound_start" value="player_drinking"/>
		<property name="Create_item" value="drinkJarEmpty"/>
	</property>
	<effect_group tiered="false" name="Food Tier 1">
		<triggered_effect trigger="onSelfPrimaryActionEnd" action="ModifyCVar" cvar="$foodAmountAdd" operation="add" value="10"/>
		<triggered_effect trigger="onSelfPrimaryActionEnd" action="ModifyCVar" cvar="foodHealthAmount" operation="add" value="10"/>
		<triggered_effect trigger="onSelfPrimaryActionEnd" action="ModifyStats" stat="water" operation="add" value="10"/>
		<triggered_effect trigger="onSelfPrimaryActionEnd" action="ModifyCVar" cvar=".foodStaminaBonusAdd" operation="add" value="5"/>		
		<triggered_effect trigger="onSelfPrimaryActionEnd" action="AddBuff" buff="buffProcessConsumables"/>

		<display_value name="dCureInfection" value=".1"/>
		<triggered_effect trigger="onSelfPrimaryActionEnd" action="ModifyCVar" cvar="$buffInfectionAddCurePerc" operation="add" value="10"/>
		<triggered_effect trigger="onSelfPrimaryActionEnd" action="AddBuff" buff="buffInfectionAddCure"/>
	</effect_group>
</item>

	<!-- BUSHCRAFT BITES FOOD ITEMS - GRILL TOOL -->
	
<item name="foodBushcraftLeatherface">
	<property name="Tags" value="food"/>
	<property name="HoldType" value="31"/>
	<!-- <property name="DisplayType" value="food"/> -->
	<property name="DisplayType" value="foodWaterNegative"/>
	<property name="CustomIcon" value="resourceLeather"/>
	<property name="DescriptionKey" value="foodBushcraftLeatherfaceDesc"/>
    <property name="CustomIconTint" value="90,45,10"/>	
	<property name="Meshfile" value="#Other/Items?Misc/parcelPrefab.prefab"/>
	<property name="DropMeshfile" value="#Other/Items?Misc/sack_droppedPrefab.prefab"/>
	<property name="Material" value="Morganic"/>
	<property name="Stacknumber" value="25"/> <!-- STK food -->
	<property name="EconomicValue" value="16"/>
	<property name="UnlockedBy" value="perkMasterChef"/>
	<property class="Action0">
		<property name="Class" value="Eat"/>
		<property name="Delay" value="1.0"/>
		<property name="Use_time" value="..."/>
		<property name="Sound_start" value="player_eating"/>
		<!-- jar from cooking food <property name="Create_item" value="drinkJarEmpty"/> -->
	</property>
	<property name="Group" value="Food/Cooking,CFFood/Cooking"/>

	<effect_group tiered="false" name="Food Tier 1">
		<triggered_effect trigger="onSelfPrimaryActionEnd" action="ModifyCVar" cvar="$foodAmountAdd" operation="add" value="10"/>
		<triggered_effect trigger="onSelfPrimaryActionEnd" action="ModifyCVar" cvar="foodHealthAmount" operation="add" value="5"/>
		<triggered_effect trigger="onSelfPrimaryActionEnd" action="ModifyStats" stat="water" operation="add" value="-5"/>
		<triggered_effect trigger="onSelfPrimaryActionEnd" action="ModifyCVar" cvar=".foodStaminaBonusAdd" operation="add" value="5"/>
		<triggered_effect trigger="onSelfPrimaryActionEnd" action="AddBuff" buff="buffProcessConsumables"/>
		<display_value name="$waterAmountAdd" value="-5"/>
	</effect_group>
</item>

<item name="foodBushcraftBlueberryRolls">
	<property name="Tags" value="food"/>
	<property name="HoldType" value="31"/>
	<!-- <property name="DisplayType" value="food"/> -->
	<property name="DisplayType" value="foodWaterNegative"/>
	<property name="CustomIcon" value="resourceMilitaryFiber"/>
	<property name="DescriptionKey" value="foodBushcraftBlueberryRollsDesc"/>
    <property name="CustomIconTint" value="0,0,150"/>	
	<property name="Meshfile" value="#Other/Items?Misc/parcelPrefab.prefab"/>
	<property name="DropMeshfile" value="#Other/Items?Misc/sack_droppedPrefab.prefab"/>
	<property name="Material" value="Morganic"/>
	<property name="Stacknumber" value="25"/> <!-- STK food -->
	<property name="EconomicValue" value="16"/>
	<property name="UnlockedBy" value="perkMasterChef"/>
	<property class="Action0">
		<property name="Class" value="Eat"/>
		<property name="Delay" value="1.0"/>
		<property name="Use_time" value="..."/>
		<property name="Sound_start" value="player_eating"/>
		<!-- jar from cooking food <property name="Create_item" value="drinkJarEmpty"/> -->
	</property>
	<property name="Group" value="Food/Cooking,CFFood/Cooking"/>

	<effect_group tiered="false" name="Food Tier 1">
		<triggered_effect trigger="onSelfPrimaryActionEnd" action="ModifyCVar" cvar="$foodAmountAdd" operation="add" value="15"/>
		<triggered_effect trigger="onSelfPrimaryActionEnd" action="ModifyCVar" cvar="foodHealthAmount" operation="add" value="5"/>
		<triggered_effect trigger="onSelfPrimaryActionEnd" action="ModifyStats" stat="water" operation="add" value="-5"/>
		<triggered_effect trigger="onSelfPrimaryActionEnd" action="ModifyCVar" cvar=".foodStaminaBonusAdd" operation="add" value="5"/>
		<triggered_effect trigger="onSelfPrimaryActionEnd" action="AddBuff" buff="buffProcessConsumables"/>
		<display_value name="$waterAmountAdd" value="-5"/>
	</effect_group>
	
	<effect_group tiered="false" name="Speed">
			<display_value name="dStaminaRegen" value=".15"/>
			<display_value name="dRunSpeed" value=".5"/>
			<display_value name="dDuration" value="120"/>
			<triggered_effect trigger="onSelfPrimaryActionEnd" action="ModifyCVar" cvar="$buffMegaCrushDuration" operation="add" value="123"/>
			<triggered_effect trigger="onSelfPrimaryActionEnd" action="ModifyCVar" cvar="$buffMegaCrushDuration" operation="set" value="363">
				<requirement name="CVarCompare" cvar="$buffMegaCrushDuration" operation="GT" value="363"/></triggered_effect>
			<triggered_effect trigger="onSelfPrimaryActionEnd" action="AddBuff" buff="buffProcessConsumables,buffMegaCrush"/>	
	</effect_group>
</item>

	<!-- BUSHCRAFT BITES DRINK ITEMS -->
	
<item name="drinkBushcraftPineConeTea">
	<property name="HoldType" value="3"/>
	<property name="DisplayType" value="waterDysentery"/>
	<property name="CustomIcon" value="drinkJarBeer"/>
	<property name="DescriptionKey" value="drinkBushcraftPineConeTeaDesc"/>
    <property name="CustomIconTint" value="30,180,0"/>	
	<property name="Meshfile" value="#Other/Items?Food/bottled_waterPrefab.prefab"/>
	<property name="DropMeshfile" value="#Other/Items?Misc/sack_droppedPrefab.prefab"/>
	<property name="Material" value="Mglass"/>
	<property name="Stacknumber" value="25"/> <!-- STK drink -->
	<property name="Weight" value="10"/>
	<property name="EconomicValue" value="40"/>
	<property name="CraftingIngredientTime" value="15"/>
	<property class="Action0">
		<property name="Class" value="Eat"/>
		<property name="Delay" value="1"/>
		<property name="Use_time" value="..."/>
		<property name="Sound_start" value="player_drinking"/>
		<property name="Create_item" value="drinkJarEmpty"/>
	</property>
	<property name="Group" value="Food/Cooking,CFDrink/Cooking"/>

	<effect_group tiered="false" name="Drink Tier 0/1">
		<requirement name="NotHasBuff" buff="buffIsOnFire"/>

		<triggered_effect trigger="onSelfPrimaryActionEnd" action="ModifyCVar" cvar="$waterAmountAdd" operation="add" value="25"/>
		<display_value name="dStaminaRegen" value=".15"/>
		<triggered_effect trigger="onSelfPrimaryActionEnd" action="AddBuff" buff="buffProcessConsumables"/>
		<display_value name="dCureInfection" value=".03"/>
		<triggered_effect trigger="onSelfPrimaryActionEnd" action="ModifyCVar" cvar="$buffInfectionAddCurePerc" operation="add" value="3"/>
		<triggered_effect trigger="onSelfPrimaryActionEnd" action="AddBuff" buff="buffInfectionAddCure"/>		
	</effect_group>

	<effect_group tiered="false">
		<requirement name="HasBuff" buff="buffIsOnFire"/>
			<triggered_effect trigger="onSelfPrimaryActionEnd" action="AddBuff" buff="buffExtinguishFire"/>
	</effect_group>
</item>

<item name="drinkBushcraftAcornCoffee">
	<property name="HoldType" value="3"/>
	<property name="DisplayType" value="waterDysentery"/>
	<property name="CustomIcon" value="drinkJarBeer"/>
	<property name="DescriptionKey" value="drinkBushcraftAcornCoffeeDesc"/>
    <property name="CustomIconTint" value="130,65,10"/>	
	<property name="Meshfile" value="#Other/Items?Food/bottled_waterPrefab.prefab"/>
	<property name="DropMeshfile" value="#Other/Items?Misc/sack_droppedPrefab.prefab"/>
	<property name="Material" value="Mglass"/>
	<property name="Stacknumber" value="25"/> <!-- STK drink -->
	<property name="Weight" value="10"/>
	<property name="EconomicValue" value="40"/>
	<property name="CraftingIngredientTime" value="15"/>
	<property class="Action0">
		<property name="Class" value="Eat"/>
		<property name="Delay" value="1"/>
		<property name="Use_time" value="..."/>
		<property name="Sound_start" value="player_drinking"/>
		<property name="Create_item" value="drinkJarEmpty"/>
	</property>
	<property name="Group" value="Food/Cooking,CFDrink/Cooking"/>

	<effect_group tiered="false" name="Drink Tier 0/1">
		<requirement name="NotHasBuff" buff="buffIsOnFire"/>

		<triggered_effect trigger="onSelfPrimaryActionEnd" action="ModifyCVar" cvar="$waterAmountAdd" operation="add" value="25"/>
		<display_value name="dStaminaRegen" value=".15"/>
		<triggered_effect trigger="onSelfPrimaryActionEnd" action="AddBuff" buff="buffProcessConsumables"/>
		<display_value name="dCureInfection" value=".03"/>
		<triggered_effect trigger="onSelfPrimaryActionEnd" action="ModifyCVar" cvar="$buffInfectionAddCurePerc" operation="add" value="3"/>
		<triggered_effect trigger="onSelfPrimaryActionEnd" action="AddBuff" buff="buffInfectionAddCure"/>		
	</effect_group>

	<effect_group tiered="false">
		<requirement name="HasBuff" buff="buffIsOnFire"/>
			<triggered_effect trigger="onSelfPrimaryActionEnd" action="AddBuff" buff="buffExtinguishFire"/>
	</effect_group>
</item>

<item name="drinkBushcraftSweetMead">
	<property name="HoldType" value="3"/>
	<property name="DisplayType" value="waterGoldenrod"/>
	<property name="CustomIcon" value="toolForgeCrucible"/>
	<property name="DescriptionKey" value="drinkBushcraftSweetMeadDesc"/>
    <property name="CustomIconTint" value="230,150,0"/>	
	<property name="Meshfile" value="#Other/Items?Food/bottled_waterPrefab.prefab"/>
	<property name="DropMeshfile" value="#Other/Items?Misc/sack_droppedPrefab.prefab"/>
	<property name="Material" value="Mglass"/>
	<property name="Weight" value="10"/>
	<property name="Stacknumber" value="25"/> <!-- STK drink -->
	<property name="EconomicValue" value="70"/>
	<property name="UnlockedBy" value="perkMasterChef"/>
	<property class="Action0">
		<property name="Class" value="Eat"/>
		<property name="Delay" value="1.0"/>
		<property name="Use_time" value="..."/>
		<property name="Sound_start" value="player_drinking"/>
		<property name="Create_item" value="drinkJarEmpty"/>
	</property>
	<property name="Group" value="Food/Cooking,CFDrink/Cooking"/>

	<effect_group tiered="false" name="Drink Tier 1">
		<requirement name="NotHasBuff" buff="buffIsOnFire"/>
		<triggered_effect trigger="onSelfPrimaryActionEnd" action="ModifyCVar" cvar="$foodAmountAdd" operation="add" value="15"/>
		<triggered_effect trigger="onSelfPrimaryActionEnd" action="ModifyCVar" cvar="foodHealthAmount" operation="add" value="15"/>		
			<triggered_effect trigger="onSelfPrimaryActionEnd" action="ModifyCVar" cvar="$waterAmountAdd" operation="add" value="30"/>
			<display_value name="dStaminaRegen" value=".15"/>
			<triggered_effect trigger="onSelfPrimaryActionEnd" action="AddBuff" buff="buffProcessConsumables"/>

			<display_value name="dCureDysentery" value=".2"/>
			<triggered_effect trigger="onSelfPrimaryActionEnd" action="ModifyCVar" cvar="$buffDysenteryAddCurePerc" operation="add" value="20"/>
			<triggered_effect trigger="onSelfPrimaryActionEnd" action="AddBuff" buff="buffDysenteryAddCure"/>
			
			<display_value name="dCureInfection" value=".1"/>
			<triggered_effect trigger="onSelfPrimaryActionEnd" action="ModifyCVar" cvar="$buffInfectionAddCurePerc" operation="add" value="10"/>
			<triggered_effect trigger="onSelfPrimaryActionEnd" action="AddBuff" buff="buffInfectionAddCure"/>			
	</effect_group>

	<effect_group tiered="false">
		<requirement name="HasBuff" buff="buffIsOnFire"/>
			<triggered_effect trigger="onSelfPrimaryActionEnd" action="AddBuff" buff="buffExtinguishFire"/>
	</effect_group>
</item>

	<!-- BUSHCRAFT BITES RECIPE ITEMS -->
	
<item name="drinkBushcraftBoneBroth">
	<property name="HoldType" value="3"/>
	<property name="DisplayType" value="waterCoffee"/>
	<property name="CustomIcon" value="drinkJarBoiledWater"/>
	<property name="DescriptionKey" value="drinkBushcraftBoneBrothDesc"/>
    <property name="CustomIconTint" value="200,115,40"/>	
	<property name="Meshfile" value="#Other/Items?Food/bottled_waterPrefab.prefab"/>
	<property name="DropMeshfile" value="#Other/Items?Misc/sack_droppedPrefab.prefab"/>
	<property name="Material" value="Mglass"/>
	<property name="Stacknumber" value="25"/> <!-- STK drink -->
	<property name="Weight" value="10"/>
	<property name="EconomicValue" value="70"/>
	<property name="UnlockedBy" value="perkMasterChef,drinkYuccaJuiceSmoothieSchematic"/>
	<property class="Action0">
		<property name="Class" value="Eat"/>
		<property name="Delay" value="1.0"/>
		<property name="Use_time" value="..."/>
		<property name="Sound_start" value="player_drinking"/>
		<property name="Create_item" value="drinkJarEmpty"/>
	</property>
	<property name="Group" value="Food/Cooking,CFDrink/Cooking"/>
	<effect_group tiered="false" name="Drink Tier 1">
		<requirement name="NotHasBuff" buff="buffIsOnFire"/>
		<triggered_effect trigger="onSelfPrimaryActionEnd" action="ModifyCVar" cvar="$foodAmountAdd" operation="add" value="10"/>
		<triggered_effect trigger="onSelfPrimaryActionEnd" action="ModifyCVar" cvar="foodHealthAmount" operation="add" value="10"/>		
		<triggered_effect trigger="onSelfPrimaryActionEnd" action="ModifyCVar" cvar="$waterAmountAdd" operation="add" value="25"/>
		<display_value name="dStaminaRegen" value=".2"/>
		<display_value name="dHypothermalResist" value="10"/>
		<display_value name="dDuration" value="180"/>
		<triggered_effect trigger="onSelfPrimaryActionEnd" action="ModifyCVar" cvar="$buffCoffeeDuration" operation="add" value="183"/>
		<triggered_effect trigger="onSelfPrimaryActionEnd" action="ModifyCVar" cvar="$buffCoffeeDuration" operation="set" value="543">
			<requirement name="CVarCompare" cvar="$buffCoffeeDuration" operation="GT" value="543"/></triggered_effect>
		<triggered_effect trigger="onSelfPrimaryActionEnd" action="AddBuff" buff="buffProcessConsumables,buffCoffee"/>
	</effect_group>

	<effect_group tiered="false">
		<requirement name="HasBuff" buff="buffIsOnFire"/>
			<triggered_effect trigger="onSelfPrimaryActionEnd" action="AddBuff" buff="buffExtinguishFire"/>
	</effect_group>
</item>	
	
<item name="foodBushcraftAcornMeal">
	<property name="Tags" value="food"/>
	<property name="HoldType" value="31"/>
	<property name="DisplayType" value="foodWaterRaw"/>
	<property name="CustomIcon" value="foodCornMeal"/>
	<property name="DescriptionKey" value="foodBushcraftAcornMealDesc"/>
    <property name="CustomIconTint" value="90,65,30"/>	
	<property name="Meshfile" value="#Other/Items?Misc/parcelPrefab.prefab"/>
	<property name="DropMeshfile" value="#Other/Items?Misc/sack_droppedPrefab.prefab"/>
	<property name="Material" value="Morganic"/>
	<property name="Stacknumber" value="125"/> <!-- STK resource -->
	<property name="EconomicValue" value="10"/>
	<property name="EconomicBundleSize" value="5"/>
	<property name="CraftingIngredientTime" value="15"/>
	<property class="Action0">
		<property name="Class" value="Eat"/>
		<property name="Delay" value="1.0"/>
		<property name="Use_time" value="..."/>
		<property name="Sound_start" value="player_eating"/>
	</property>
	<property name="Group" value="Resources,Food/Cooking,CFFood/Cooking"/>

	<effect_group tiered="false" name="Food Tier 0">
		<triggered_effect trigger="onSelfPrimaryActionEnd" action="ModifyCVar" cvar="$foodAmountAdd" operation="add" value="3"/>
		<triggered_effect trigger="onSelfPrimaryActionEnd" action="ModifyCVar" cvar="foodHealthAmount" operation="add" value="2"/>
		<triggered_effect trigger="onSelfPrimaryActionEnd" action="ModifyCVar" cvar="$waterAmountAdd" operation="add" value="-3"/>
		<triggered_effect trigger="onSelfPrimaryActionEnd" action="AddBuff" buff="buffProcessConsumables"/>
	</effect_group>
</item>	

  </append>
</Config>