<Config>
  <append xpath="/recipes">

	<!-- BUSHCRAFT BITES FOOD ITEMS - POT TOOL -->
	
<recipe name="foodBushcraftTinCanTucker" count="1" craft_time="50" craft_area="campfire" craft_tool="toolCookingPot" tags="perkMasterChef">
	<ingredient name="foodCanChicken" count="1"/> <!-- Food 15 / Health 7 -->
	<ingredient name="foodCanCatfood" count="1"/> <!-- Food 10 / Health 5 -->
	<ingredient name="foodCanMiso" count="1"/> <!-- Food 10 / Health 5 / Water 10 -->
	<ingredient name="foodCanSoup" count="1"/> <!-- Food 10 / Health 5 / Water 10 -->
	<ingredient name="foodCanPears" count="1"/> <!-- Food 10 / Health 5 / Water 5 -->	
</recipe>

<recipe name="foodBushcraftStew" count="1" craft_area="campfire" craft_tool="toolCookingPot" tags="perkMasterChef,learnable">
	<ingredient name="foodCropPotato" count="1"/>
	<ingredient name="foodCropMushrooms" count="1"/>
	<ingredient name="foodRawMeat" count="5"/>	
	<ingredient name="drinkBushcraftBoneBroth" count="1"/>	
	<ingredient name="drinkJarBoiledWater" count="1"/>
</recipe>

<recipe name="foodBushcraftFeralStew" count="1" craft_time="65" craft_area="campfire" craft_tool="toolCookingPot" tags="perkMasterChef,learnable">
	<ingredient name="foodCropPotato" count="1"/>
	<ingredient name="foodCropMushrooms" count="1"/>
	<ingredient name="foodRottingFlesh" count="5"/>	
	<ingredient name="drinkBushcraftBoneBroth" count="1"/>	
	<ingredient name="drinkJarBoiledWater" count="1"/>
</recipe>

<recipe name="foodBushcraftSuperVegetableStew" count="1" craft_area="campfire" craft_tool="toolCookingPot" tags="perkMasterChef,learnable">
	<ingredient name="foodCropPotato" count="2"/>
	<ingredient name="foodCropGraceCorn" count="2"/>
	<ingredient name="foodCropMushrooms" count="2"/>
	<ingredient name="drinkJarBoiledWater" count="1"/>
</recipe>

<recipe name="foodBushcraftBaconEggGrits" count="1" craft_area="campfire" craft_tool="toolCookingPot" tags="perkMasterChef,learnable">
	<ingredient name="foodRawMeat" count="5"/>
	<ingredient name="foodEgg" count="2"/>
	<ingredient name="foodCornMeal" count="1"/>	
	<ingredient name="drinkJarBoiledWater" count="1"/>
</recipe>

<recipe name="foodBushcraftSuperCornOnTheCob" count="1" craft_area="campfire" craft_tool="toolCookingPot" tags="perkMasterChef,learnable">
	<ingredient name="foodCropGraceCorn" count="1"/>
	<ingredient name="drinkJarBoiledWater" count="1"/>
</recipe>

<recipe name="foodBushcraftHideAndSeek" count="1" craft_time="75" craft_area="campfire" craft_tool="toolCookingPot" tags="perkMasterChef">
	<ingredient name="resourceLeather" count="2"/>
	<ingredient name="foodEggBoiled" count="2"/> <!-- Food 10 x 2 / Health 5 x 2 -->
	<ingredient name="foodCanChicken" count="1"/> <!-- Food 15 / Health 7 -->
	<ingredient name="drinkJarBoiledWater" count="1"/>
</recipe>

<recipe name="foodBushcraftAcornBread" count="1" craft_area="campfire" craft_tool="toolCookingPot" tags="perkMasterChef,learnable">
	<ingredient name="foodBushcraftAcornMeal" count="1"/>
	<ingredient name="foodEgg" count="1"/>
	<ingredient name="drinkJarBoiledWater" count="1"/>
</recipe>

<recipe name="foodBushcraftPineConeJam" count="1" craft_area="campfire" craft_tool="toolCookingPot" tags="perkMasterChef">
	<ingredient name="treePlantedMountainPine1m" count="10"/>
	<ingredient name="foodHoney" count="1"/>
	<ingredient name="drinkJarBoiledWater" count="1"/>
</recipe>

	<!-- BUSHCRAFT BITES FOOD ITEMS - GRILL TOOL -->

<recipe name="foodBushcraftLeatherface" count="1" craft_time="45" craft_area="campfire" craft_tool="toolCookingGrill" tags="perkMasterChef">
	<ingredient name="resourceLeather" count="2"/>
	<ingredient name="resourceOil" count="1"/>	
</recipe>

<recipe name="foodBushcraftBlueberryRolls" count="1" craft_area="campfire" craft_tool="toolCookingGrill" tags="perkMasterChef">
	<ingredient name="foodCropBlueberries" count="10"/>
</recipe>

	<!-- BUSHCRAFT BITES DRINK ITEMS -->
	
<recipe name="drinkBushcraftPineConeTea" count="1" craft_area="campfire" craft_tool="toolCookingPot" tags="perkMasterChef">
	<ingredient name="treePlantedMountainPine1m" count="6"/>
	<ingredient name="drinkJarBoiledWater" count="1"/>
</recipe>

<recipe name="drinkBushcraftAcornCoffee" count="1" craft_area="campfire" craft_tool="toolCookingPot" tags="perkMasterChef">
	<ingredient name="treePlantedOak1m" count="6"/>
	<ingredient name="drinkJarBoiledWater" count="1"/>
</recipe>

<recipe name="drinkBushcraftSweetMead" count="1" craft_time="180" craft_area="campfire" craft_tool="toolCookingPot" tags="perkMasterChef">
	<ingredient name="foodHoney" count="1"/>
	<ingredient name="foodBushcraftAcornMeal" count="1"/>
	<ingredient name="foodCropBlueberries" count="1"/>	
	<ingredient name="drinkJarBoiledWater" count="1"/>
</recipe>

	<!-- BUSHCRAFT BITES RECIPE ITEMS -->

<recipe name="drinkBushcraftBoneBroth" count="1" craft_area="campfire" craft_tool="toolCookingPot" tags="perkMasterChef">
	<ingredient name="resourceBone" count="4"/>
	<ingredient name="drinkJarBoiledWater" count="2"/>
</recipe>

<recipe name="foodBushcraftAcornMeal" count="1">
	<ingredient name="treePlantedOak1m" count="10"/>
	<ingredient name="drinkJarBoiledWater" count="1"/>
</recipe>	

  </append>
</Config>
